{
  "IcoMoonType": "selection",
  "icons": [
    {
      "icon": {
        "paths": [
          "M512 128c0 0-263.936 227.84-411.435 351.232-8.661 7.851-15.232 19.285-15.232 32.768 0 23.595 19.072 42.667 42.667 42.667h85.333v298.667c0 23.595 19.072 42.667 42.667 42.667h128c23.595 0 42.667-19.115 42.667-42.667v-170.667h170.667v170.667c0 23.552 19.072 42.667 42.667 42.667h128c23.595 0 42.667-19.072 42.667-42.667v-298.667h85.333c23.595 0 42.667-19.072 42.667-42.667 0-13.483-6.571-24.917-16.341-32.768-146.475-123.392-410.325-351.232-410.325-351.232z"
        ],
        "attrs": [
          {}
        ],
        "isMulticolor": false,
        "isMulticolor2": false,
        "tags": [
          "home"
        ],
        "grid": 24
      },
      "attrs": [
        {}
      ],
      "properties": {
        "order": 1,
        "id": 0,
        "prevSize": 24,
        "name": "home"
      },
      "setIdx": 0,
      "setId": 4,
      "iconIdx": 0
    },
    {
      "icon": {
        "paths": [
          "M927.795 167.475c-15.104-13.107-97.587-88.627-112.998-101.939-15.309-13.261-38.707-14.336-56.422-14.336h-492.749c-17.664 0-41.062 1.075-56.422 14.336-15.411 13.312-97.894 88.883-112.998 101.939-15.206 13.107-27.802 32.922-23.757 61.030 4.045 28.211 96.768 699.443 99.174 715.418 2.355 15.923 16.282 28.518 33.178 28.877h614.4c16.896-0.358 30.822-12.954 33.178-28.928 2.406-15.923 95.13-687.206 99.226-715.418 3.994-28.058-8.602-47.872-23.808-60.979zM512 613.018c-166.298 0-201.882-235.315-209.254-283.802h94.054c14.131 70.707 46.285 191.693 115.2 191.693s101.12-120.986 115.2-191.693h94.106c-7.424 48.486-43.008 283.802-209.306 283.802zM162.304 205.107l93.696-102.707h512l93.696 102.707h-699.392z"
        ],
        "attrs": [],
        "isMulticolor": false,
        "isMulticolor2": false,
        "tags": [
          "shopping-bag"
        ],
        "grid": 20
      },
      "attrs": [],
      "properties": {
        "id": 274,
        "order": 13,
        "prevSize": 20,
        "name": "shopping-bag"
      },
      "setIdx": 2,
      "setId": 2,
      "iconIdx": 273
    },
    {
      "icon": {
        "paths": [
          "M704 640c-64 64-64 128-128 128s-128-64-192-128-128-128-128-192 64-64 128-128-128-256-192-256-192 192-192 192c0 128 131.5 387.5 256 512s384 256 512 256c0 0 192-128 192-192s-192-256-256-192z"
        ],
        "tags": [
          "phone",
          "telephone",
          "contact",
          "support",
          "call"
        ],
        "defaultCode": 59714,
        "grid": 16,
        "attrs": []
      },
      "attrs": [],
      "properties": {
        "ligatures": "phone, telephone",
        "name": "phone",
        "order": 17,
        "id": 67,
        "prevSize": 32
      },
      "setIdx": 3,
      "setId": 1,
      "iconIdx": 66
    }
  ],
  "height": 1024,
  "preferences": {
    "showGlyphs": true,
    "showQuickUse": true,
    "showQuickUse2": true,
    "showSVGs": true,
    "fontPref": {
      "prefix": "icon-",
      "metadata": {
        "fontFamily": "icomoon"
      },
      "metrics": {
        "emSize": 1024,
        "baseline": 6.25,
        "whitespace": 50
      },
      "embed": false
    },
    "imagePref": {
      "prefix": "icon-",
      "png": false,
      "useClassSelector": true,
      "color": 0,
      "bgColor": 16777215,
      "classSelector": ".icon",
      "name": "icomoon",
      "height": 32,
      "columns": 16,
      "margin": 16
    },
    "historySize": 50,
    "showCodes": true,
    "gridSize": 16
  }
}